{"class": "StandardScaler", "mean": [-0.029987368316864303, 0.019460382497975645, -0.031189599220556245, -0.035052109402090824, -0.02847991158231506, -0.025535251971780724, -0.02967528459708435, -0.03557909726705631, -0.00472196216201588, 0.00875720455036813, -0.04380696818495412, -0.023521908762397632, -0.052054642405792655, -0.046982063146136094, 0.004770577358118987, -0.0038592224054057587, -0.002908003794918455, -0.006222200302412864, -0.0010644092152358711, 0.0012810956832940963, -0.025843609337363307, 0.017212568915201617, -0.029496605318097332, -0.03137593454253474, -0.0014278240690510841, 0.0006377476244794474, -0.009697670397606538, -0.01663850386264944, 0.01312411381489321, 0.01350600417158812], "std": [0.9589908508938719, 1.0089696605716216, 0.9582504992180264, 0.9375095543594476, 0.9938939445010374, 0.9851712401699315, 0.9729327369972726, 0.9615135803245223, 0.9874334880598763, 1.0122034996921758, 0.8942552620308138, 0.9068972594029858, 0.8754908785413005, 0.8617197222104012, 0.9783878401119929, 1.0004701568952703, 1.0500831621498798, 1.0110522800377963, 1.0103220084099571, 1.0102646437771896, 0.9657541739487345, 1.0026828771132081, 0.9633030703549325, 0.945725827262695, 0.989220427044709, 1.016396292705282, 1.0077663589091588, 0.9930127073518152, 0.9981496869894011, 1.022979386724721]}